C0/date,C0/min,C0/max,C0/mean,C0/stDev,C0/sampleCount,C0/noDataCount,C0/median,C0/p10,C0/p90,C0/cloudCoveragePercent
2015-12-03T00:00:00.000Z,-0.10959053039550781,0.4323679804801941,0.028130095121838773,0.030227744090285245,1558,883,0.028073376044631004,0.006344558205455542,0.053158361464738846,100
2015-12-23T00:00:00.000Z,-0.8891966938972473,1,0.3115801946647653,0.24206086082059056,1558,657,0.3610832393169403,0.020449211820960045,0.5495662689208984,32.741398446170884
2016-01-02T00:00:00.000Z,-0.6392452716827393,1,0.25752860185814236,0.25998576918988964,1558,824,0.2735280394554138,-0.05393311381340027,0.5728065967559814,42.50681198910081
2016-01-12T00:00:00.000Z,-0.7222982048988342,1,0.2415263817457373,0.27150775672774297,1558,476,0.2518215477466583,-0.09226296097040176,0.589379072189331,54.713493530499214
2016-02-01T00:00:00.000Z,-0.6338850855827332,1,0.2296037122579431,0.21882656102344386,1558,888,0.22187499701976776,-0.0203203447163105,0.5312012434005737,82.98507462686567
2016-02-11T00:00:00.000Z,-0.010861251503229141,0.024886032566428185,0.013522336882042687,0.005752064505294653,1558,476,0.015218090265989304,0.005280574318021536,0.019108280539512634,100
2016-03-12T00:00:00.000Z,-0.3914209008216858,0.7821165919303894,0.45486950648082625,0.1671587116045987,1558,476,0.5046563148498535,0.20294468104839325,0.6156128644943237,99.26062846580402
2016-04-11T00:00:00.000Z,-1,1,0.2581015314447231,0.34754876567078546,1558,476,0.20171919465065002,-0.13255372643470764,0.7108323574066162,55.91497227356752
2016-04-21T00:00:00.000Z,-0.25765305757522583,0.6191555857658386,-0.01615860843229429,0.06597711961216692,1558,642,-0.024231743067502975,-0.07205067574977875,0.0409439280629158,100
2016-05-01T00:00:00.000Z,-1,0.8369851112365723,0.2836432757895412,0.19318113610070037,1558,554,0.26437732577323914,0.09436274319887161,0.537585437297821,79.58167330677298
2016-05-11T00:00:00.000Z,-1,1,0.4761575068796761,0.32611503335146336,1558,804,0.5637229084968567,0.05993937700986862,0.7971751689910889,14.85411140583554
2016-05-21T00:00:00.000Z,-1,1,0.4876625761820635,0.3116500468388142,1558,476,0.5963340997695923,0.00546975526958704,0.785510241985321,19.9630314232902
2016-06-10T00:00:00.000Z,-1,1,0.41748805103226144,0.31458404409481466,1558,476,0.47701582312583923,-0.01619870401918888,0.7505795359611511,25.04621072088724
2016-06-20T00:00:00.000Z,-0.7564045190811157,1,0.1985971078792769,0.3160066314648333,1558,760,0.1595391035079956,-0.16959063708782196,0.6357406377792358,62.15538847117795
2016-06-30T00:00:00.000Z,-1,1,0.10394490713243337,0.25732230181128696,1558,476,0.05611905828118324,-0.1443329155445099,0.5014645457267761,77.35674676524953
2016-07-10T00:00:00.000Z,-0.9661529064178467,1,0.307318866996435,0.3200558307917618,1558,541,0.3485576808452606,-0.11609840393066406,0.6649746298789978,41.69124877089481
2016-07-20T00:00:00.000Z,-0.45098039507865906,0.7691926956176758,0.18809217072196152,0.14336675852342037,1558,476,0.17176765203475952,0.04616260156035423,0.38311687111854553,95.19408502772644
2016-07-30T00:00:00.000Z,-1,1,0.5049581893470969,0.282397723019928,1558,608,0.6041666865348816,0.1217808797955513,0.7297016978263855,9.684210526315782
2016-08-09T00:00:00.000Z,-0.7760236859321594,1,0.47670206839847945,0.2597733280764727,1558,476,0.5462450385093689,0.12483131140470505,0.7267315983772278,21.34935304990758
2016-08-19T00:00:00.000Z,-0.6517549753189087,0.9191452264785767,0.5149620807448985,0.2107945118184014,1558,828,0.564778208732605,0.3080967366695404,0.6685367226600647,0
2016-08-29T00:00:00.000Z,-0.6076134443283081,1,0.2656224938715799,0.2785110901293098,1558,476,0.30677175521850586,-0.10357389599084854,0.5927185416221619,47.781885397412225
2016-09-08T00:00:00.000Z,-1,0.9130018949508667,0.4191263792467832,0.21949673744980658,1558,850,0.463878333568573,0.16106922924518585,0.5974395275115967,1.5536723163841824
2016-09-18T00:00:00.000Z,-0.8259999752044678,0.9816465377807617,0.37244226002848096,0.20919462699482266,1558,476,0.41963598132133484,0.05517762526869774,0.5794432759284973,13.493530499075801
2016-09-28T00:00:00.000Z,-0.9450897574424744,1,0.2261470421841934,0.2811144442504132,1558,818,0.2806108593940735,-0.14004914462566376,0.5485458374023438,48.78378378378386
2016-10-08T00:00:00.000Z,0.005338612012565136,0.028309008106589317,0.02200612587537514,0.0024277652850503,1558,476,0.022110162302851677,0.019661761820316315,0.02469213679432869,100
2016-10-18T00:00:00.000Z,-1,0.9312372803688049,0.5208796184322092,0.20924940758954072,1558,611,0.5677754878997803,0.3221578896045685,0.6907808780670166,0.10559662090813104
2016-10-28T00:00:00.000Z,-1,0.7453415989875793,0.3186257357713196,0.21912933373450605,1558,476,0.37893182039260864,0.012042083777487278,0.5476618409156799,100
2016-11-07T00:00:00.000Z,-0.6018497943878174,0.873812735080719,0.31449286477649313,0.19441672450675535,1558,549,0.354000985622406,0.030129944905638695,0.5309917330741882,98.61248761149655
2016-11-17T00:00:00.000Z,-0.1431620717048645,0.2337774634361267,0.020045800400374302,0.05492869541507704,1558,476,0.003729078220203519,-0.03126498684287071,0.10411175340414047,100
2016-11-27T00:00:00.000Z,-1,1,0.35863661636109834,0.2928693639794473,1558,476,0.3880562484264374,-0.017634855583310127,0.6913429498672485,38.07763401109055
2016-12-07T00:00:00.000Z,-0.5602771639823914,0.788551390171051,0.24393642671281854,0.1807296661889021,1558,476,0.2545006573200226,0.024229679256677628,0.4616016447544098,100
2016-12-17T00:00:00.000Z,-0.019270047545433044,0.12677454948425293,0.05762125215088167,0.02205555739388795,1558,760,0.06024375930428505,0.027895182371139526,0.08480995893478394,100
2016-12-27T00:00:00.000Z,-0.5107526779174805,1,0.32852821680130817,0.24527414522659355,1558,476,0.3462313711643219,0.008813484571874142,0.6369529962539673,64.97227356746762
2017-01-06T00:00:00.000Z,-0.256043404340744,0.6980718374252319,0.3258705071742019,0.17444913116512042,1558,476,0.3165148198604584,0.10788138955831528,0.5701702833175659,90.4805914972273
2017-01-16T00:00:00.000Z,0.021296296268701553,0.030202683061361313,0.025705568986478314,0.0015536899042473333,1558,476,0.025931747630238533,0.02354609966278076,0.027520840987563133,100
2017-02-05T00:00:00.000Z,-0.0978543758392334,0.545364260673523,0.12231664056588447,0.06376588102358613,1558,476,0.11703892797231674,0.057274989783763885,0.18930454552173615,100
2017-02-15T00:00:00.000Z,-1,1,0.44744779259540535,0.34568068022379694,1558,476,0.5376126766204834,-0.014107477851212025,0.7939098477363586,32.53234750462103
2017-02-25T00:00:00.000Z,-0.8069705367088318,1,0.23742614601341505,0.2649979442675159,1558,712,0.19025233387947083,-0.062333714216947556,0.653751015663147,82.38770685579185
2017-03-07T00:00:00.000Z,-0.02479543723165989,0.23681023716926575,0.12936139216236844,0.04737643371510374,1558,476,0.13150222599506378,0.0620182603597641,0.18721461296081543,100
2017-03-17T00:00:00.000Z,-1,1,0.4621214759667397,0.2971105365948967,1558,636,0.5347126722335815,0.11246200650930405,0.7454545497894287,12.798264642082433
2017-03-27T00:00:00.000Z,-0.1812313050031662,0.3906043469905853,0.07765945662505926,0.05138138565856428,1558,476,0.07221672683954239,0.025653475895524025,0.13761837780475616,100
2017-04-06T00:00:00.000Z,-0.04177511855959892,0.32488834857940674,0.03038980841511363,0.015611815963586897,1558,837,0.029965564608573914,0.023407407104969025,0.03746349737048149,100
2017-04-16T00:00:00.000Z,-1,1,0.48216017745324724,0.3148951227543235,1558,476,0.5869937539100647,0.06921748071908951,0.7708134055137634,18.66913123844732
2017-05-06T00:00:00.000Z,-0.8210862874984741,0.8701847195625305,0.34702368753791374,0.2582251983090342,1558,476,0.32562416791915894,0.011597937904298306,0.6999654173851013,57.578558225508324
2017-05-16T00:00:00.000Z,-0.18352730572223663,0.4587317109107971,0.12542484401295995,0.08171120233510074,1558,660,0.11288237571716309,0.0399482436478138,0.23028767108917236,100
2017-05-26T00:00:00.000Z,-0.8742856979370117,1,0.38925137498973156,0.2769913042009462,1558,476,0.4506887197494507,0.01512605044990778,0.6807909607887268,24.399260628465843
2017-06-15T00:00:00.000Z,-0.7443841695785522,1,0.28824171310659946,0.28066304591466584,1558,476,0.2797502875328064,-0.038335490971803665,0.6450530886650085,50.924214417745006
2017-06-25T00:00:00.000Z,-1,1,0.5479736158673683,0.26259633277949723,1558,785,0.6130806803703308,0.3221593499183655,0.7396806478500366,0.7761966364812418
2017-06-30T00:00:00.000Z,-1,1,0.3432597863842308,0.33974274433740365,1558,1023,0.42979350686073303,-0.12492750585079193,0.6969696879386902,29.3457943925234
2017-07-05T00:00:00.000Z,-0.9975816011428833,1,0.5035807902412797,0.27138038807814546,1558,476,0.5751238465309143,0.15320606529712677,0.7405917048454285,8.964879852125698
2017-07-10T00:00:00.000Z,-0.6892163157463074,1,0.3616161029667878,0.2636183390526501,1558,527,0.418743759393692,-0.0007296074763871729,0.6396039724349976,70.1260911736179
2017-07-15T00:00:00.000Z,-0.6050571799278259,1,0.5118964449728811,0.21187932690071373,1558,776,0.564904510974884,0.2797282040119171,0.6879361867904663,1.5345268542199502
2017-07-20T00:00:00.000Z,-0.9376623630523682,1,0.4478032540496831,0.2862570310267663,1558,476,0.5258215665817261,0.0502283088862896,0.7118093371391296,16.081330868761587
2017-07-25T00:00:00.000Z,-0.7625570893287659,0.8211071491241455,0.528011552856714,0.19604800039113757,1558,476,0.5684803128242493,0.39002931118011475,0.6770988702774048,0
2017-07-30T00:00:00.000Z,-1,1,0.5019034485811946,0.24096729843356254,1558,772,0.5667215585708618,0.21830615401268005,0.6978184580802917,4.325699745547073
2017-08-04T00:00:00.000Z,-0.906700611114502,0.9257075190544128,0.48382182743170193,0.22274763487190927,1558,757,0.5334976315498352,0.2728646993637085,0.6666666865348816,1.2484394506866427
2017-08-09T00:00:00.000Z,-1,1,0.3041968647083529,0.31898673121908866,1558,476,0.35331615805625916,-0.08909691125154495,0.6650717854499817,40.11090573012938
2017-08-14T00:00:00.000Z,-1,1,0.40552973174505036,0.2670462205999237,1558,476,0.4749859571456909,0.030108390375971794,0.6575192213058472,16.266173752310525
2017-08-19T00:00:00.000Z,-1,1,0.33007116897569705,0.30197883116500535,1558,593,0.4009852111339569,-0.07329843193292618,0.6363107562065125,25.284974093264246
2017-08-24T00:00:00.000Z,-0.7529793977737427,0.9536109566688538,0.40274219649224446,0.2206007166519822,1558,704,0.447252482175827,0.14280281960964203,0.6076998114585876,5.386416861826693
2017-08-29T00:00:00.000Z,-0.8224163055419922,0.7845582365989685,0.4468851326650626,0.18021060386404145,1558,476,0.4778861403465271,0.3056248128414154,0.6041716933250427,1.7560073937153402
2017-09-03T00:00:00.000Z,-0.9273422360420227,0.744396984577179,0.40273615161805626,0.19221149582368555,1558,476,0.43048807978630066,0.26816457509994507,0.5649642944335938,2.310536044362292
2017-09-08T00:00:00.000Z,-0.7948350310325623,0.7401467561721802,0.3954583442008741,0.1712730397740652,1558,485,0.4191742539405823,0.26143622398376465,0.5541890859603882,0
2017-09-13T00:00:00.000Z,-0.6392045617103577,0.7909389734268188,0.28636274165039566,0.17574207842744186,1558,786,0.3003033399581909,0.13629673421382904,0.47737982869148254,76.29533678756482
2017-09-18T00:00:00.000Z,-0.7633587718009949,0.7130597829818726,0.3616090883347442,0.1715598042256928,1558,476,0.38782522082328796,0.21876263618469238,0.5182587504386902,1.201478743068391
2017-09-23T00:00:00.000Z,-0.321361780166626,0.48069241642951965,0.09280114419101568,0.09202586880654069,1558,476,0.07927896082401276,-0.008778424002230167,0.21947620809078217,96.95009242144175
2017-09-28T00:00:00.000Z,-1,1,0.2670412904078038,0.22848538509082258,1558,608,0.31504106521606445,-0.052173912525177,0.49184727668762207,19.789473684210545
2017-10-03T00:00:00.000Z,-0.077625572681427,0.1803782880306244,0.06182707744499728,0.04352638861579255,1558,799,0.06196628138422966,0.007174048572778702,0.11960815638303757,100
2017-10-08T00:00:00.000Z,-0.8778947591781616,0.6739522814750671,0.12532090228573275,0.1812572583478531,1558,476,0.10866051912307739,-0.04854895547032356,0.3750433325767517,77.17190388170052
2017-10-13T00:00:00.000Z,-0.6000000238418579,0.7499426603317261,0.2875438331996048,0.14694344898698877,1558,476,0.31701138615608215,0.10934291779994965,0.4326375722885132,100
2017-10-18T00:00:00.000Z,-0.76953125,0.9577181339263916,0.2635782030285627,0.21184895748662813,1558,797,0.2858412265777588,0.022611232474446297,0.4730212092399597,24.572930354796327
2017-10-23T00:00:00.000Z,-0.8388059735298157,0.848706066608429,0.2543813409569213,0.231443592296746,1558,828,0.29593566060066223,-0.04641418159008026,0.4913693964481354,14.520547945205491
2017-10-28T00:00:00.000Z,-0.761904776096344,0.9123630523681641,0.28718878881794474,0.22876705959280658,1558,476,0.3199453055858612,-0.022644927725195885,0.5374578237533569,25.046210720887217
2017-11-02T00:00:00.000Z,-1,1,0.21562765188868196,0.29831566729083964,1558,476,0.2498311996459961,-0.1355903148651123,0.5455923676490784,36.783733826247726
2017-11-07T00:00:00.000Z,-0.38700687885284424,0.751300036907196,0.1470450842660389,0.1039538020957182,1558,476,0.1366666704416275,0.030742358416318893,0.2746240496635437,99.72273567467657
2017-11-12T00:00:00.000Z,-0.3962467610836029,0.374401330947876,0.0020023691824332035,0.07884373591731736,1558,556,-0.009539207443594933,-0.07356321811676025,0.1110820323228836,100
2017-11-17T00:00:00.000Z,-0.8513931632041931,1,0.2420762584859375,0.2871268723031672,1558,476,0.24160850048065186,-0.10625725239515305,0.6184384822845459,55.63770794824403
2017-11-22T00:00:00.000Z,0.02279561571776867,0.23519562184810638,0.11225196440289281,0.043787664451843365,1558,476,0.10138195008039474,0.060888756066560745,0.17744986712932587,100
2017-12-02T00:00:00.000Z,-0.06337057799100876,0.18706482648849487,0.024588477803352535,0.026405819120434305,1558,784,0.02495148405432701,-0.003429996781051159,0.05200551077723503,100
2017-12-07T00:00:00.000Z,-0.19447235763072968,0.4561588764190674,0.20274407826617963,0.0840982118383072,1558,476,0.19856159389019012,0.09956570714712143,0.30844646692276,100
2017-12-12T00:00:00.000Z,-0.28739193081855774,0.5550387501716614,0.15956393320392262,0.12036295358745062,1558,476,0.17202851176261902,-0.0049683828838169575,0.29875195026397705,100
2017-12-17T00:00:00.000Z,-0.5936924815177917,0.6526766419410706,0.2914024741886364,0.15953621025586606,1558,476,0.33104968070983887,0.06844659894704819,0.4447324872016907,93.53049907578553
2017-12-22T00:00:00.000Z,-0.20692619681358337,0.559451699256897,0.10106424336894572,0.09276754419011875,1558,846,0.07839326560497284,0.029739776626229286,0.19310994446277618,100
2017-12-27T00:00:00.000Z,-0.025569502264261246,0.1880948841571808,0.09561612093590102,0.02811202922113552,1558,476,0.09529236704111099,0.06425222754478455,0.13030807673931122,100
2018-01-01T00:00:00.000Z,-0.2367406040430069,0.7646378874778748,0.33165736816192604,0.21073364004450162,1558,476,0.34067511558532715,0.06192435696721077,0.6179615259170532,99.72273567467654
2018-01-06T00:00:00.000Z,-1,1,0.38242155667557987,0.2741770408819256,1558,476,0.4394431412220001,0.007031249813735485,0.6873403191566467,92.1441774491682
2018-01-16T00:00:00.000Z,-0.11446085572242737,1,0.14192693339820409,0.1763041959411211,1558,476,0.07921471446752548,0.010174215771257877,0.3755876123905182,92.5138632162662
2018-01-21T00:00:00.000Z,0.010042447596788406,0.5123842358589172,0.13094494575823945,0.07411704424242528,1558,476,0.11911798268556595,0.04643571749329567,0.213800311088562,98.98336414048056
2018-01-26T00:00:00.000Z,-0.1101144477725029,0.4365224540233612,0.09296281445634165,0.07364483241882051,1558,476,0.06489908695220947,0.03185655176639557,0.203215092420578,100
2018-02-05T00:00:00.000Z,-0.22390559315681458,0.8269113302230835,0.2711759182989686,0.21832427644722666,1558,476,0.21664798259735107,0.03660908341407776,0.6288940906524658,75.8780036968576
2018-02-10T00:00:00.000Z,-1,1,0.42930792454073263,0.3130584213910835,1558,476,0.4781765341758728,0.011863457970321178,0.7747713327407837,42.42144177449171
2018-02-15T00:00:00.000Z,-0.01250765286386013,0.1422324776649475,0.04797851974244905,0.022970812534222132,1558,476,0.045667652040719986,0.022800231352448463,0.07700050622224808,100
2018-02-20T00:00:00.000Z,-0.7639198303222656,1,0.3809629622583475,0.31269231238651923,1558,476,0.39290162920951843,-0.021124573424458504,0.7537699937820435,47.59704251386318
2018-02-25T00:00:00.000Z,-0.7898734211921692,1,0.4617671503330038,0.2536974153230729,1558,476,0.5305895209312439,0.08515157550573349,0.7168905735015869,31.70055452865064
2018-03-02T00:00:00.000Z,-0.06502871215343475,0.6075058579444885,0.24139146581337376,0.13770238090063364,1558,476,0.21469387412071228,0.08124715834856033,0.4367116093635559,99.81515711645092
2018-03-07T00:00:00.000Z,-0.24388103187084198,0.483208566904068,0.15046372847379416,0.13035928211725414,1558,476,0.16660857200622559,-0.03936553746461868,0.3011108934879303,100
2018-03-12T00:00:00.000Z,-0.3826266825199127,1,0.2915540759426281,0.2782730996996305,1558,476,0.22565194964408875,-0.01264987327158451,0.6975252032279968,67.37523105360447
2018-03-17T00:00:00.000Z,-0.9694189429283142,1,0.2930398188507762,0.22599162405566656,1558,476,0.3068254292011261,0.029287749901413918,0.5606352090835571,84.93530499075781
2018-03-22T00:00:00.000Z,-0.03529958054423332,0.4801710844039917,0.12122035294639061,0.06638760407601312,1558,476,0.1066666692495346,0.07002232223749161,0.1944594383239746,100
2018-03-27T00:00:00.000Z,-1,1,0.3992161345472859,0.28524724298225174,1558,476,0.47009921073913574,0.002607561880722642,0.6955404877662659,33.36414048059147
2018-04-01T00:00:00.000Z,-0.90625,1,0.40497277886329697,0.2803212467466521,1558,476,0.4659651517868042,0.030041830614209175,0.6967388987541199,25.508317929759723
2018-04-06T00:00:00.000Z,-1,1,0.3999447019430969,0.30003219431154526,1558,476,0.4658724367618561,0.0197602491825819,0.710400402545929,29.20517560073934
2018-04-11T00:00:00.000Z,-1,1,0.5024021067123998,0.2777978812163997,1558,476,0.5720781087875366,0.16918930411338806,0.7556018829345703,9.426987060998124
2018-04-16T00:00:00.000Z,-0.7814207673072815,1,0.29299938634507394,0.3060272578435248,1558,476,0.2989690601825714,-0.08251016587018967,0.6553966403007507,55.91497227356758
2018-04-21T00:00:00.000Z,-0.5899389982223511,0.8285920023918152,0.38124428411912115,0.18518074623258748,1558,476,0.4161554276943207,0.13274335861206055,0.5913406610488892,100
2018-04-26T00:00:00.000Z,-1,1,0.41097716184687694,0.2975744879433243,1558,476,0.4696796238422394,0.008760402910411358,0.7247964143753052,26.15526802218114
2018-05-01T00:00:00.000Z,-0.7984189987182617,1,0.4771719866883279,0.2500186532419328,1558,476,0.5318487882614136,0.1648542881011963,0.7257457971572876,9.889094269870622
2018-05-06T00:00:00.000Z,-0.7054860591888428,1,0.45467847433800224,0.26254486559777596,1558,476,0.5250726938247681,0.06602641195058823,0.7054189443588257,14.325323475046215
2018-05-11T00:00:00.000Z,-1,0.8377812504768372,0.5047954161083721,0.2231655702943996,1558,476,0.5531777143478394,0.2990965247154236,0.7041053175926208,4.898336414048061
2018-05-16T00:00:00.000Z,-1,1,0.37119718988087047,0.29903263359023213,1558,476,0.4489700496196747,-0.03172172233462334,0.6928327679634094,34.65804066543443
2018-05-21T00:00:00.000Z,-0.20719119906425476,0.25161200761795044,0.018419583700823222,0.04246948068302806,1558,476,0.016090866178274155,-0.02855629101395607,0.07009956985712051,99.90757855822561
2018-05-26T00:00:00.000Z,-0.6653845906257629,1,0.35470021255645723,0.22050276573512193,1558,476,0.39256197214126587,0.05583342909812927,0.5960993766784668,81.33086876155271
2018-05-31T00:00:00.000Z,-0.9235836863517761,1,0.3700447256450292,0.3031463582085043,1558,476,0.4370879828929901,-0.05724986642599106,0.6890724897384644,25.231053604436237
2018-06-05T00:00:00.000Z,-0.8714842796325684,1,0.35441944654487606,0.31697626396795753,1558,476,0.42824795842170715,-0.0867864266037941,0.7043805718421936,49.07578558225511
2018-06-10T00:00:00.000Z,-0.5281189680099487,0.6678252220153809,0.38907551580425465,0.1442324015871868,1558,476,0.4069415330886841,0.24321633577346802,0.5360551476478577,100
2018-06-15T00:00:00.000Z,-0.9452679753303528,0.8292964100837708,0.4738850410444087,0.19866912863917827,1558,476,0.5084325671195984,0.3096539080142975,0.6433120965957642,0
2018-06-20T00:00:00.000Z,-0.9162609577178955,0.8711283206939697,0.36769230532082897,0.22331156436552754,1558,476,0.42057082056999207,0.07165109366178513,0.5816357731819153,56.19223659889091
2018-06-25T00:00:00.000Z,-0.8388059735298157,0.7951595783233643,0.46027615780378534,0.1916671383666579,1558,476,0.4948051869869232,0.2876780927181244,0.6318795680999756,16.6358595194085
2018-06-30T00:00:00.000Z,-0.6952081918716431,1,0.4422725605482624,0.19971251634995604,1558,476,0.480701744556427,0.24662372469902039,0.6196777820587158,9.057301293900196
2018-07-05T00:00:00.000Z,-0.8421052694320679,0.9151369333267212,0.45934662750340943,0.1966026202884828,1558,476,0.4937397837638855,0.2776181697845459,0.6342015862464905,2.495378927911277
2018-07-10T00:00:00.000Z,-0.7090069055557251,1,0.41109501869086756,0.22473453303451787,1558,476,0.46202531456947327,0.11527333408594131,0.613990306854248,30.499075785582225
2018-07-15T00:00:00.000Z,-0.6871035695075989,1,0.3812216757547089,0.23103837751523704,1558,476,0.4301075339317322,0.06588693708181381,0.6159999966621399,12.476894639556392
2018-07-20T00:00:00.000Z,-0.784799337387085,1,0.42799974552462433,0.2060124015928603,1558,476,0.45885634422302246,0.22280946373939514,0.6256713271141052,6.192236598890944
2018-07-25T00:00:00.000Z,-1,0.83404541015625,0.45705217559556877,0.20317308561753086,1558,476,0.48691099882125854,0.31699347496032715,0.6247943043708801,0
2018-07-30T00:00:00.000Z,-0.9631410241127014,1,0.40332827232941615,0.24388880301297805,1558,476,0.467578649520874,0.07477819919586182,0.6236348152160645,11.182994454713489
2018-08-04T00:00:00.000Z,-0.937158465385437,0.9981878399848938,0.4254070028676452,0.1953868059922938,1558,476,0.4571428596973419,0.2533750832080841,0.6046218276023865,11.552680221811478
2018-08-09T00:00:00.000Z,-0.15618520975112915,0.5778374075889587,0.3277695927601748,0.09373407564221664,1558,476,0.3444375991821289,0.21114496886730194,0.4221683740615845,99.1682070240295
2018-08-14T00:00:00.000Z,-0.8798151016235352,1,0.2962005464816848,0.2629387322400789,1558,476,0.3465871512889862,-0.05696882680058479,0.569658100605011,25.60073937153421
2018-08-19T00:00:00.000Z,-0.9224629402160645,1,0.26303174465419965,0.26081541612993736,1558,476,0.31181252002716064,-0.09285714477300644,0.5481327772140503,30.406654343807745
2018-08-24T00:00:00.000Z,-0.7706323862075806,1,0.281014636699704,0.2374883893163174,1558,476,0.3233874440193176,-0.03423680365085602,0.5194621086120605,23.752310536044376
2018-08-29T00:00:00.000Z,-0.9656750559806824,0.9179884195327759,0.3453683803488914,0.20557521335197848,1558,476,0.37184464931488037,0.14979973435401917,0.5316230654716492,3.9741219963031424
2018-09-03T00:00:00.000Z,-1,0.780701756477356,0.3575820986368926,0.1630709057298122,1558,476,0.3786279559135437,0.2278480976819992,0.5073732733726501,0
2018-09-08T00:00:00.000Z,-1,1,0.3058983597971364,0.21011660753449157,1558,476,0.3369411826133728,0.12904833257198334,0.4808552861213684,4.066543438077638
2018-09-13T00:00:00.000Z,-1,0.6717767119407654,0.3158539704747789,0.1547461770981219,1558,476,0.33402618765830994,0.2050168812274933,0.45638373494148254,10.351201478743077
2018-09-18T00:00:00.000Z,-1,0.7442922592163086,0.2734636977544013,0.1679471944781687,1558,476,0.2917296588420868,0.12021701782941818,0.4450776278972626,11.64510166358597
2018-09-23T00:00:00.000Z,-0.8144000172615051,0.6254107356071472,0.2926673083867387,0.16193421734492253,1558,476,0.31437355279922485,0.17771415412425995,0.43567797541618347,0.36968576709796735
2018-09-28T00:00:00.000Z,-0.7552581429481506,0.6326530575752258,0.2886487917497739,0.15197095776306702,1558,476,0.3077404499053955,0.17767338454723358,0.42997416853904724,0
2018-10-03T00:00:00.000Z,-0.8133102655410767,0.6885079741477966,0.27013983155317517,0.16830104185769396,1558,476,0.2953890562057495,0.10761155188083649,0.4317248463630676,22.181146025878
2018-10-08T00:00:00.000Z,-1,0.6122661232948303,0.2675933230598585,0.15560563265319502,1558,476,0.2883758544921875,0.15355470776557922,0.41336971521377563,1.5711645101663552
2018-10-13T00:00:00.000Z,-0.7905945181846619,0.6640502214431763,0.289856990903135,0.14450515498250674,1558,476,0.30676284432411194,0.17095626890659332,0.4376956820487976,0
2018-10-18T00:00:00.000Z,-0.7713771462440491,0.6863999962806702,0.2724847837135318,0.1439525514165865,1558,476,0.2902298867702484,0.15621840953826904,0.4142761826515198,0.27726432532347495
2018-10-23T00:00:00.000Z,-0.782608687877655,0.7663782238960266,0.21953254384690152,0.17951065921186843,1558,476,0.25428882241249084,-0.012198581360280514,0.39195775985717773,18.022181146025922
2018-10-28T00:00:00.000Z,-0.6493633985519409,0.7939011454582214,0.22628615263035215,0.18173217277614392,1558,476,0.25925925374031067,0.0015928639331832528,0.3987730145454407,9.796672828096112
2018-11-02T00:00:00.000Z,-0.1729394942522049,0.45757225155830383,0.15727182595010225,0.07487042057449951,1558,476,0.15257595479488373,0.06902805715799332,0.24744898080825806,100
2018-11-07T00:00:00.000Z,-0.34188616275787354,0.6618460416793823,0.16653833112803612,0.13738871127333702,1558,476,0.19298996031284332,-0.032504238188266754,0.31015753746032715,99.90757855822557
2018-11-12T00:00:00.000Z,-0.3551219403743744,0.6252233982086182,0.14236479301383573,0.12833751303386443,1558,476,0.15770423412322998,-0.02004110999405384,0.2928660809993744,100
2018-11-17T00:00:00.000Z,-0.7305227518081665,0.7811402082443237,0.14967243344723244,0.21724432252838485,1558,476,0.16875435411930084,-0.11826977878808975,0.4007168412208557,46.67282809611829
2018-11-22T00:00:00.000Z,-0.8534899950027466,0.7858606576919556,0.3645854216652569,0.18565007332287642,1558,476,0.39327338337898254,0.18674567341804504,0.5403445363044739,0.6469500924214432
2018-11-27T00:00:00.000Z,-0.7663108110427856,1,0.11389150714999693,0.23847030580766415,1558,476,0.06757523864507675,-0.1387537121772766,0.4332161545753479,70.14787430683917
2018-12-02T00:00:00.000Z,-0.7754490971565247,0.6163041591644287,0.18061400476590067,0.12034192365929769,1558,476,0.1577557772397995,0.0729093849658966,0.3412683606147766,95.56377079482444
2018-12-07T00:00:00.000Z,-1,1,0.32270275070580606,0.24728774040431103,1558,476,0.37778550386428833,-0.00023386342218145728,0.5788737535476685,52.587800369685766
2018-12-12T00:00:00.000Z,-0.5274593234062195,1,0.08718437834331969,0.17379186788298057,1558,476,0.03353867307305336,-0.08464650064706802,0.35166627168655396,99.63031423290207
2018-12-17T00:00:00.000Z,-0.10201205313205719,0.32917067408561707,0.09729415665890322,0.055177097360487724,1558,476,0.09433028101921082,0.03176374360918999,0.16593599319458008,100
2018-12-27T00:00:00.000Z,-0.7035881280899048,0.8018234372138977,0.3771701598313572,0.17249434897329827,1558,476,0.3890950679779053,0.1705869883298874,0.5828834176063538,100
2019-01-01T00:00:00.000Z,-0.016928158700466156,0.5342673063278198,0.22665216158630008,0.11294849361525143,1558,476,0.24845679104328156,0.054171785712242126,0.3563884198665619,100
2019-01-06T00:00:00.000Z,-1,1,0.21799530176543871,0.3064483574401456,1558,476,0.14630021154880524,-0.10716709494590759,0.6794952750205994,66.54343807763408
2019-01-11T00:00:00.000Z,-0.6976279020309448,1,0.2990166051648434,0.3483120998695082,1558,476,0.2867351472377777,-0.11810284107923508,0.7415760159492493,50.646950092421406
2019-01-16T00:00:00.000Z,-0.030531324446201324,0.00360407424159348,-0.011254285297220648,0.004852052985349853,1558,476,-0.010418353602290154,-0.01798989810049534,-0.006601411383599043,100
2019-01-21T00:00:00.000Z,-1,1,0.5422163743258045,0.31927543383068496,1558,476,0.651971161365509,0.09996765106916428,0.8173840641975403,29.852125693160815
2019-01-26T00:00:00.000Z,-0.08862986415624619,0.25899064540863037,0.06233214138311552,0.03101994808100683,1558,476,0.056648775935173035,0.03631151467561722,0.10115816444158554,100
2019-01-31T00:00:00.000Z,-0.0021296734921634197,0.2823452651500702,0.06709879651999662,0.041277207811129125,1558,476,0.051140543073415756,0.0330674983561039,0.13593143224716187,100
2019-02-05T00:00:00.000Z,-0.6058230400085449,1,0.44440264295782395,0.2718405940698004,1558,476,0.5144370198249817,0.04948897287249565,0.7331406474113464,47.13493530499076
2019-02-10T00:00:00.000Z,-0.38088443875312805,0.5495039820671082,0.22009106668774495,0.1433260762032896,1558,476,0.1922605186700821,0.06864814460277557,0.4237433075904846,100
2019-02-15T00:00:00.000Z,-1,1,0.3206021294054238,0.36523819271804636,1558,476,0.2968829870223999,-0.08626450598239899,0.7819361090660095,50.64695009242147
2019-02-20T00:00:00.000Z,-1,1,0.40669908180874387,0.3355427191569142,1558,476,0.4431487023830414,-0.007450411096215248,0.7869072556495667,38.44731977818856
2019-02-25T00:00:00.000Z,-1,1,0.3457638024920286,0.22687408485345206,1558,476,0.35280296206474304,0.06849315017461777,0.6145440340042114,93.06839186691312
2019-03-02T00:00:00.000Z,-0.23166964948177338,0.902306079864502,0.10899959156171707,0.17209429447749997,1558,476,0.0404229536652565,-0.02267739549279213,0.3940761685371399,93.34565619223669
2019-03-07T00:00:00.000Z,-0.18660560250282288,0.5009794235229492,0.18512256070374355,0.08037348682513028,1558,476,0.18843571841716766,0.07640166580677032,0.2780098617076874,99.16820702402956
2019-03-12T00:00:00.000Z,-1,1,0.23102566006289113,0.35309754637307567,1558,476,0.16827143728733063,-0.14191539585590363,0.7257611751556396,60.72088724584099
2019-03-17T00:00:00.000Z,-0.4156171381473541,0.9746105074882507,0.4156402450066933,0.1573275884958701,1558,476,0.421041876077652,0.252612441778183,0.590719997882843,91.12754158964877
2019-03-22T00:00:00.000Z,-1,1,0.2782681359422993,0.368072389625933,1558,476,0.2725173234939575,-0.15025611221790314,0.7364548444747925,56.561922365988934
2019-03-27T00:00:00.000Z,-0.19614386558532715,0.2183305025100708,0.04861990258767096,0.034206977515187496,1558,476,0.044339004904031754,0.02470914088189602,0.08213256299495697,100
2019-04-01T00:00:00.000Z,-0.75698322057724,0.9637930989265442,0.1363073046645403,0.2623675167715351,1558,476,0.05087662860751152,-0.11169745028018951,0.5537787079811096,74.02957486136785
2019-04-06T00:00:00.000Z,-1,1,0.3335648749989643,0.31315983579978807,1558,476,0.3709677457809448,-0.051650237292051315,0.6971621513366699,39.83364140480589
2019-04-11T00:00:00.000Z,-0.6563964486122131,0.969111979007721,0.16650385407977009,0.22906081041582316,1558,476,0.10551033169031143,-0.04955064505338669,0.5167579650878906,74.21441774491686
2019-04-16T00:00:00.000Z,-0.2931053042411804,0.7068092226982117,0.193364622143419,0.1625363811302573,1558,476,0.15476350486278534,0.03707205131649971,0.4350515604019165,99.81515711645092
2019-04-21T00:00:00.000Z,-0.8753960132598877,1,0.46289112768738466,0.26001035687388574,1558,476,0.5152086615562439,0.10999999940395355,0.7389034032821655,30.129390018484298
2019-04-26T00:00:00.000Z,-0.8654906153678894,1,0.40035538095944556,0.29958767150699056,1558,476,0.46013402938842773,-0.02267303131520748,0.7211233377456665,24.861367837338282
2019-05-01T00:00:00.000Z,-0.7786357998847961,1,0.24800096555338255,0.28228446864756507,1558,476,0.20510037243366241,-0.07153689116239548,0.653333306312561,58.59519408502777
2019-05-06T00:00:00.000Z,-1,1,0.41520715026796434,0.3537695821062941,1558,476,0.5019394755363464,-0.05272692069411278,0.7775366306304932,24.676524953789304
2019-05-11T00:00:00.000Z,-0.6766467094421387,0.8887689113616943,0.5579759545261455,0.21354964167005877,1558,476,0.6055096387863159,0.29997140169143677,0.7592098116874695,3.327171903881697
2019-05-16T00:00:00.000Z,-0.32373160123825073,0.720191478729248,0.3768570206194554,0.17586600962862928,1558,476,0.41605067253112793,0.11164285987615585,0.5688166618347168,100
2019-05-26T00:00:00.000Z,-1,1,0.4858503838792982,0.24005835896085426,1558,476,0.5377455949783325,0.2280178815126419,0.7078921794891357,2.5878003696857688
2019-05-31T00:00:00.000Z,-1,0.826781690120697,0.48624746077089287,0.21853189750078741,1558,476,0.5316967964172363,0.28448909521102905,0.6804065704345703,2.2181146025877987
2019-06-05T00:00:00.000Z,-1,0.9771925210952759,0.3503685748086671,0.2580821750110375,1558,476,0.38661569356918335,0.039867568761110306,0.6242544651031494,51.20147874306843
2019-06-10T00:00:00.000Z,-1,1,0.44594464555375013,0.24876503601490932,1558,476,0.5009607672691345,0.19988314807415009,0.6701149344444275,3.7892791127541665
2019-06-15T00:00:00.000Z,-1,0.7664974331855774,0.42375169036408195,0.18730630300398746,1558,476,0.45053309202194214,0.24994376301765442,0.6124546527862549,43.90018484288357
2019-06-20T00:00:00.000Z,-1,0.7574574947357178,0.35308023686748874,0.20284781015514797,1558,476,0.3885680139064789,0.1451236605644226,0.5420016646385193,54.25138632162654
2019-06-25T00:00:00.000Z,-1,1,0.4030344963829888,0.23023872734282283,1558,476,0.4482131898403168,0.11912336200475693,0.6215938329696655,7.3937153419593225
2019-06-30T00:00:00.000Z,-1,1,0.2587587434406225,0.2848968966779987,1558,476,0.27707597613334656,-0.114772729575634,0.5983886122703552,45.74861367837331
2019-07-05T00:00:00.000Z,-1,1,0.11740194311384423,0.23199084258172123,1558,476,0.07862380146980286,-0.128658726811409,0.44326019287109375,72.73567467652498
2019-07-10T00:00:00.000Z,-1,1,0.4484975330896122,0.2265345764613957,1558,476,0.4913978576660156,0.2556149661540985,0.6335690021514893,3.5120147874306813
2019-07-15T00:00:00.000Z,-1,0.8305613398551941,0.42337612240903905,0.20150811792004067,1558,476,0.45450085401535034,0.21785476803779602,0.615748941898346,18.946395563770785
2019-07-20T00:00:00.000Z,-1,0.9525745511054993,0.45136756003707723,0.21070161148251768,1558,476,0.4890766143798828,0.2962557375431061,0.6248527765274048,7.024029574861368
2019-07-25T00:00:00.000Z,-1,0.8565315008163452,0.45321584734101694,0.20211896669004167,1558,476,0.48974609375,0.30000001192092896,0.6157229542732239,0.5545286506469498
2019-07-30T00:00:00.000Z,-1,1,0.40837782709945886,0.2749484856401891,1558,476,0.4864746928215027,0.024824952706694603,0.6328261494636536,10.166358595194087
2019-08-04T00:00:00.000Z,-0.8612626791000366,0.8617975115776062,0.45080771715364776,0.20590935868150392,1558,476,0.488349974155426,0.28633683919906616,0.6186420917510986,0.18484288354898362
2019-08-09T00:00:00.000Z,-1,0.8872439861297607,0.40914615416547906,0.2432503726797817,1558,476,0.469348669052124,0.09116911143064499,0.6222782731056213,8.9648798521257
2019-08-14T00:00:00.000Z,-1,1,0.31033911572198153,0.2841443076274615,1558,476,0.3630041778087616,-0.05732044205069542,0.6038430333137512,25.04621072088724
2019-08-19T00:00:00.000Z,-1,0.991256833076477,0.4013624505082645,0.21295972953993722,1558,476,0.4365924596786499,0.21052631735801697,0.5910309553146362,2.6802218114602607
2019-08-24T00:00:00.000Z,-0.739534854888916,1,0.3570238519704198,0.2124601365884346,1558,476,0.39901477098464966,0.09111924469470978,0.5604395866394043,59.51940850277256
2019-08-29T00:00:00.000Z,-0.9047619104385376,1,0.2314202689488037,0.26786786242193195,1558,476,0.2743006646633148,-0.11009398102760315,0.5351614356040955,40.295748613678356
2019-09-03T00:00:00.000Z,-0.6989690661430359,1,0.22940528868512955,0.24029022949752024,1558,476,0.27697309851646423,-0.09064748138189316,0.4886341691017151,36.59889094269874
2019-09-08T00:00:00.000Z,-0.8466257452964783,1,0.3597461373897113,0.18294140157786706,1558,476,0.38482820987701416,0.21061792969703674,0.5195688009262085,1.2939001848428864
2019-09-13T00:00:00.000Z,-1,0.7715766429901123,0.3355771261964831,0.1882062654944378,1558,476,0.36161965131759644,0.20219123363494873,0.48939889669418335,0
2019-09-18T00:00:00.000Z,-1,0.7146509885787964,0.2945190487915711,0.1877295845134703,1558,476,0.327709823846817,0.07270261645317078,0.4669489562511444,8.50277264325323
2019-09-23T00:00:00.000Z,-0.5942327380180359,0.7216799259185791,0.30220989584720537,0.14487350985018127,1558,476,0.3143656849861145,0.18004676699638367,0.4386920928955078,6.746765249537886
2019-09-28T00:00:00.000Z,-1,0.6989583373069763,0.28188065258835965,0.17940774845729493,1558,476,0.3075188100337982,0.12960554659366608,0.4422161877155304,3.5120147874306853
2019-10-03T00:00:00.000Z,-0.4879131615161896,0.6011094450950623,0.277675847189727,0.12995328927048877,1558,476,0.29276242852211,0.1680949181318283,0.4063699245452881,0
2019-10-08T00:00:00.000Z,-0.6853055953979492,0.6203193068504333,0.2630622981358472,0.1623808532744044,1558,476,0.2908339202404022,0.13160854578018188,0.4089953899383545,9.242144177449168
2019-10-13T00:00:00.000Z,-1,0.64891517162323,0.27556573952911473,0.1686607932617105,1558,476,0.2975102961063385,0.16114044189453125,0.423093318939209,1.7560073937153424
2019-10-18T00:00:00.000Z,-0.7248780727386475,0.6245210766792297,0.2655186997541497,0.15673677130854902,1558,476,0.28527671098709106,0.1493065059185028,0.40824440121650696,2.125693160813307
2019-10-23T00:00:00.000Z,-0.5511982440948486,0.636447548866272,0.2747630804702696,0.13300342816629185,1558,476,0.2893252670764923,0.16554054617881775,0.40089356899261475,11.552680221811467
2019-10-28T00:00:00.000Z,-0.8769429922103882,0.6123634576797485,0.26374818577163056,0.15577689922739268,1558,476,0.28383156657218933,0.15212233364582062,0.4009121060371399,21.44177449168208
2019-11-02T00:00:00.000Z,-0.740416944026947,0.7182159423828125,0.07192523086696603,0.2045595013115725,1558,476,0.06293706595897675,-0.16540522873401642,0.32067975401878357,64.7874306839187
2019-11-07T00:00:00.000Z,-1,0.6546414494514465,0.2787180632327435,0.16093323347642285,1558,476,0.29877325892448425,0.15179543197155,0.4283308684825897,0.5545286506469499
2019-11-12T00:00:00.000Z,-0.496321439743042,0.5763799548149109,0.22902830899787172,0.12493368077946226,1558,476,0.246832475066185,0.10249096900224686,0.3547351658344269,84.84288354898332
2019-11-17T00:00:00.000Z,-0.7480176091194153,0.6753246784210205,0.28423403927478813,0.15089062621547342,1558,476,0.2997032701969147,0.14231856167316437,0.44033581018447876,0.8317929759704237
2019-11-22T00:00:00.000Z,-0.8704379796981812,1,0.20698100588107043,0.21778775188783733,1558,476,0.24286405742168427,-0.05984388664364815,0.4269181191921234,20.33271719038815
2019-11-27T00:00:00.000Z,-0.7686302065849304,1,0.08939785951221939,0.23230319974658328,1558,476,0.08922305703163147,-0.17296862602233887,0.3593054413795471,62.3844731977819
2019-12-02T00:00:00.000Z,-0.9525959491729736,1,0.1947726168092904,0.2275476702226832,1558,476,0.2114315927028656,-0.09426073729991913,0.44368013739585876,25.323475046210692
2019-12-07T00:00:00.000Z,-0.8602762222290039,1,0.21223355466369748,0.19482159418019754,1558,476,0.23444975912570953,-0.02300538495182991,0.4232175648212433,30.49907578558223
2019-12-12T00:00:00.000Z,-0.44308632612228394,0.35056328773498535,0.09119474897369864,0.07403497133622494,1558,476,0.08781608939170837,0.02020837739109993,0.17367658019065857,100
2019-12-17T00:00:00.000Z,-0.03687477111816406,0.015786608681082726,-0.014873132501225732,0.007229386756888667,1558,476,-0.014518681913614273,-0.024632735177874565,-0.007005515042692423,100
2019-12-22T00:00:00.000Z,-0.15687008202075958,0.2005237489938736,0.043026708878250615,0.05450015051334244,1558,476,0.03766279295086861,-0.022900763899087906,0.11267375200986862,100
2019-12-27T00:00:00.000Z,-0.41992488503456116,0.506779670715332,0.07879659668525499,0.07469631016098667,1558,476,0.06704533845186234,0.010597973130643368,0.16959437727928162,99.63031423290207
2020-01-01T00:00:00.000Z,-0.017841970548033714,0.08792147040367126,0.021485720056058498,0.013866410851148057,1558,476,0.018709074705839157,0.007633587811142206,0.0413062646985054,100
2020-01-06T00:00:00.000Z,-0.19771242141723633,0.7558544874191284,0.4146375700572334,0.17072636077746792,1558,476,0.44754812121391296,0.16115702688694,0.6086503267288208,80.96118299445477
2020-01-11T00:00:00.000Z,-0.07361900061368942,0.5384011268615723,0.17928018137630264,0.13567929574554338,1558,476,0.15402299165725708,0.009080445393919945,0.37477874755859375,100
2020-01-16T00:00:00.000Z,-0.7702946662902832,0.8766656517982483,0.36324603331923844,0.21255712803025964,1558,476,0.39137786626815796,0.12593984603881836,0.6012043952941895,29.112754158964883
2020-01-21T00:00:00.000Z,-0.6423766613006592,0.7596815228462219,0.23656856723831496,0.21739096471798508,1558,476,0.2074592113494873,-0.0007521624793298542,0.5505867004394531,82.07024029574862
2020-01-26T00:00:00.000Z,-1,1,0.39808164053183837,0.29211782987772633,1558,476,0.4566771388053894,0.00848870724439621,0.7053069472312927,25.6931608133087
2020-01-31T00:00:00.000Z,-0.7488015294075012,0.9188405871391296,0.2191751701294664,0.18011648278451983,1558,476,0.20699232816696167,0.018684158101677895,0.4534124732017517,93.80776340110894
2020-02-05T00:00:00.000Z,-0.6377502679824829,0.9210471510887146,0.5232059946165339,0.17447622484769262,1558,476,0.5570059418678284,0.311553031206131,0.6950765252113342,100
2020-02-10T00:00:00.000Z,-0.8824763894081116,1,0.41950434785822116,0.2581306040275365,1558,476,0.44634053111076355,0.10388035327196121,0.6996866464614868,30.776340110905732
2020-02-15T00:00:00.000Z,-0.7884241342544556,1,0.11977971050489776,0.26162402501282894,1558,476,0.04357868805527687,-0.11748754978179932,0.5356972217559814,78.0961182994454
2020-02-20T00:00:00.000Z,-0.5399655103683472,0.8768035769462585,0.4170720319438959,0.1872078010354466,1558,476,0.43057504296302795,0.18756003677845,0.6481882929801941,72.55083179297593
2020-02-25T00:00:00.000Z,-1,1,0.551710926800774,0.2266811490322201,1558,476,0.6128215789794922,0.29754385352134705,0.7432263493537903,68.57670979667286
2020-03-01T00:00:00.000Z,-0.12985111773014069,0.40647897124290466,0.11474680287615324,0.09071607944877702,1558,476,0.0980193018913269,0.009214186109602451,0.23992502689361572,100
2020-03-06T00:00:00.000Z,-0.05751391500234604,0.3412969410419464,0.12942573450453929,0.051859484730057755,1558,476,0.13133974373340607,0.0616549476981163,0.18739303946495056,100
2020-03-11T00:00:00.000Z,-0.6481817960739136,1,0.33204010555838287,0.25093496908696167,1558,476,0.35360583662986755,-0.0036954914685338736,0.6485900282859802,83.08687615526796
2020-03-16T00:00:00.000Z,-1,1,0.4495765043006407,0.3338228140264672,1558,476,0.5516273975372314,0.004374453332275152,0.7793195843696594,33.17929759704254
2020-03-21T00:00:00.000Z,-0.743139386177063,1,0.3037764223286229,0.25127150631085865,1558,476,0.33347731828689575,-0.022693267092108727,0.6013811826705933,95.19408502772643
2020-03-26T00:00:00.000Z,-1,1,0.5565352666074692,0.2755374000211478,1558,476,0.6437541246414185,0.20125539600849152,0.7823705077171326,10.81330868761552
2020-03-31T00:00:00.000Z,-0.4415074586868286,0.9313399791717529,0.27525825056934083,0.1803306004009911,1558,476,0.2773892879486084,0.05241711437702179,0.5004574656486511,100
2020-04-05T00:00:00.000Z,-1,0.9097065329551697,0.252637751349633,0.2797867229177585,1558,476,0.2483925223350525,-0.06755933910608292,0.6069412231445312,64.87985212569316
2020-04-10T00:00:00.000Z,-1,1,0.5042064215475992,0.29538189418284355,1558,476,0.5931280255317688,0.11929919570684433,0.7657417058944702,16.54343807763401
2020-04-15T00:00:00.000Z,-1,1,0.4319090895104216,0.2770682168086635,1558,476,0.5073381066322327,0.03428959473967552,0.7106503248214722,44.63955637707949
2020-04-20T00:00:00.000Z,-1,1,0.48993238564861474,0.27758164558020154,1558,476,0.5461680293083191,0.1398148089647293,0.7601042985916138,39.279112754158916
2020-04-25T00:00:00.000Z,-0.08895265311002731,0.6822429895401001,0.41653110366723434,0.13496988725763473,1558,476,0.43655622005462646,0.2529154419898987,0.5696091055870056,100
2020-04-30T00:00:00.000Z,-0.29865381121635437,0.7419666647911072,0.1784141577271658,0.15079185744850074,1558,476,0.16375087201595306,0.0015433686785399914,0.3844151496887207,88.53974121996296
2020-05-05T00:00:00.000Z,-0.8622530698776245,1,0.2751546513312671,0.30341464438393495,1558,476,0.29298317432403564,-0.10956914722919464,0.6458145976066589,51.47874306839193
2020-05-10T00:00:00.000Z,-0.7935484051704407,1,0.4236495117955999,0.2696314700443655,1558,476,0.4636223018169403,0.056532662361860275,0.7198100686073303,59.05730129390013
2020-05-15T00:00:00.000Z,-0.7488372325897217,0.835112988948822,0.5274167685578408,0.20464402272816554,1558,476,0.5734714269638062,0.3287811577320099,0.7065111994743347,28.558225508317932
2020-05-20T00:00:00.000Z,-1,1,0.4707687346925557,0.2772175720388876,1558,476,0.5308132767677307,0.1272210329771042,0.7346733808517456,13.770794824399271
2020-05-25T00:00:00.000Z,-1,1,0.2674505931715602,0.3436489456562991,1558,476,0.31582963466644287,-0.1852310299873352,0.6681222915649414,47.41219963031423
2020-05-30T00:00:00.000Z,-0.8356375098228455,1,0.14890815072125715,0.3050957891263821,1558,476,0.11078502982854843,-0.19963176548480988,0.5509235858917236,71.44177449168215
2020-06-04T00:00:00.000Z,-0.8521257042884827,1,0.39582394775370777,0.32412661901897705,1558,476,0.45554590225219727,-0.02817974053323269,0.7643340826034546,29.94454713493534
2020-06-09T00:00:00.000Z,-0.6965624094009399,1,0.26400904865381297,0.3075150651159654,1558,476,0.2594546973705292,-0.11356738209724426,0.6693016886711121,54.066543438077595
2020-06-14T00:00:00.000Z,-0.2509363293647766,0.6697338819503784,0.215469654764136,0.15522825644901786,1558,476,0.17885886132717133,0.04570259153842926,0.4430331885814667,94.82439926062844
2020-06-19T00:00:00.000Z,-1,1,0.4611060933778917,0.253203500892121,1558,476,0.5026014447212219,0.18651892244815826,0.7180327773094177,8.410351201478761
2020-06-24T00:00:00.000Z,-0.9213973879814148,0.786659300327301,0.4326521088029197,0.20491434373584566,1558,476,0.48520469665527344,0.21122470498085022,0.6285160183906555,89.37153419593344
2020-06-29T00:00:00.000Z,-0.8462945818901062,1,0.27418269561233016,0.32163343866049554,1558,476,0.3235204517841339,-0.1419685035943985,0.6330274939537048,36.87615526802216
2020-07-04T00:00:00.000Z,-0.8967136144638062,1,0.40943862295478495,0.2652991599938651,1558,476,0.44790011644363403,0.0690799430012703,0.67966228723526,13.863216266173756
2020-07-09T00:00:00.000Z,-0.7071005702018738,1,0.36796195629024225,0.20480988079784326,1558,476,0.3828282952308655,0.1414489895105362,0.5983240008354187,61.645101663585955
2020-07-14T00:00:00.000Z,-0.5434545278549194,1,0.3313195559055446,0.2511017620969105,1558,476,0.3657708764076233,0.013254203833639622,0.6311495900154114,40.57301293900183
2020-07-19T00:00:00.000Z,-1,0.8469208478927612,0.4859561832129351,0.2130490450347614,1558,476,0.5209962129592896,0.3315363824367523,0.6706758141517639,1.4787430683918672
2020-07-24T00:00:00.000Z,-0.6610373854637146,1,0.43344201053380443,0.2095672408931221,1558,476,0.48069581389427185,0.1466890126466751,0.6191704273223877,81.05360443622915
2020-07-29T00:00:00.000Z,-0.6389244794845581,1,0.405055178397132,0.2505850189414945,1558,476,0.4706510007381439,0.04240194708108902,0.632676362991333,18.022181146025904
2020-08-03T00:00:00.000Z,-0.8228070139884949,0.9576098322868347,0.14629255640459268,0.15990713591334854,1558,476,0.13187332451343536,0.0007304602186195552,0.3395747244358063,100
2020-08-08T00:00:00.000Z,-0.7618122696876526,1,0.3758149756850936,0.2560273409848506,1558,476,0.4274984300136566,0.021849745884537697,0.6455016732215881,41.40480591497226
2020-08-13T00:00:00.000Z,-0.8959318995475769,1,0.31381493122153925,0.2828626323022299,1558,476,0.37493157386779785,-0.059720728546381,0.6249621510505676,36.96857670979666
2020-08-18T00:00:00.000Z,-0.850987434387207,0.9206297397613525,0.32609811183690257,0.23663540354089696,1558,476,0.3462929427623749,0.0303671732544899,0.5917864441871643,32.90203327171904
2020-08-23T00:00:00.000Z,-1,1,0.39839127520594236,0.2765224910097107,1558,476,0.46374696493148804,0.005181347019970417,0.6756610870361328,19.500924214417747
2020-08-28T00:00:00.000Z,-0.8652668595314026,0.8541628122329712,0.40586014160698813,0.21934038626953192,1558,476,0.4341421127319336,0.2160859853029251,0.6157337427139282,5.73012939001848
2020-09-02T00:00:00.000Z,-0.8650553822517395,0.8517646789550781,0.3941772923104504,0.22892166599923652,1558,476,0.44960519671440125,0.11615343391895294,0.5970962047576904,35.39741219963027
2020-09-07T00:00:00.000Z,-0.7304216623306274,0.8011049628257751,0.343145425139289,0.18074676272661824,1558,476,0.3502190113067627,0.18035852909088135,0.5425268411636353,80.03696857670968
2020-09-12T00:00:00.000Z,-0.841930091381073,0.7836112380027771,0.3551108640255066,0.2013256081069705,1558,476,0.3955726623535156,0.11253524571657181,0.5357385873794556,26.524953789279138
2020-09-17T00:00:00.000Z,-0.9616204500198364,0.727644681930542,0.34972368464925707,0.1971826070831653,1558,476,0.3860989809036255,0.13767123222351074,0.5270704030990601,4.621072088724587
2020-09-22T00:00:00.000Z,-0.6818437576293945,1,0.2146320535039379,0.24178515981039606,1558,476,0.26660558581352234,-0.10341951996088028,0.47047245502471924,57.578558225508104
2020-09-27T00:00:00.000Z,-0.6891627907752991,0.8553948998451233,0.26582188513764254,0.1887320360879971,1558,476,0.2932016849517822,0.024859286844730377,0.45637276768684387,38.35489833641403
2020-10-02T00:00:00.000Z,-0.9088423252105713,0.8009502291679382,0.2902253640274643,0.18963742442757184,1558,476,0.32323023676872253,0.05203650891780853,0.46576446294784546,14.325323475046211
2020-10-07T00:00:00.000Z,-0.5670611262321472,0.5843489170074463,0.21876285277539861,0.16752706149341734,1558,476,0.2508675158023834,-0.011928429827094078,0.3973977565765381,88.81700554528655
2020-10-12T00:00:00.000Z,-1,1,0.27013464452089436,0.2040499095417825,1558,476,0.3101773262023926,0.002466091187670827,0.4664572477340698,11.367837338262479
2020-10-17T00:00:00.000Z,-0.10854913294315338,0.14818395674228668,0.061055758406576864,0.023400472531515542,1558,476,0.0637851431965828,0.04190288484096527,0.08141403645277023,100
2020-10-22T00:00:00.000Z,-1,1,0.26057594439639675,0.23083169404205583,1558,476,0.30593395233154297,-0.04229871556162834,0.4903321862220764,20.51756007393716
2020-10-27T00:00:00.000Z,-0.2677290141582489,0.3742595613002777,0.06181337353139822,0.07503340804801709,1558,476,0.03760698437690735,-0.005847953259944916,0.17108659446239471,100
2020-11-01T00:00:00.000Z,-0.32345300912857056,0.705500066280365,0.11850330357757415,0.11363327236244813,1558,476,0.09394410252571106,0.007052388973534107,0.27322086691856384,95.56377079482436
2020-11-06T00:00:00.000Z,-0.6774969696998596,0.8162076473236084,0.44203383305115207,0.18669407959135537,1558,476,0.4780934154987335,0.24482649564743042,0.6173446774482727,0.36968576709796674
2020-11-11T00:00:00.000Z,-0.007346566300839186,0.05049261078238487,0.01605902589165647,0.008379069709797838,1558,476,0.015311268158257008,0.006977992597967386,0.025696903467178345,100
2020-11-16T00:00:00.000Z,-1,1,0.37646076648390725,0.2596472911460422,1558,476,0.43126094341278076,0.047944746911525726,0.6220623254776001,13.308687615526793
2020-11-21T00:00:00.000Z,-0.9413092732429504,1,0.3038105010154532,0.2756960319386563,1558,476,0.3450782895088196,-0.05596969276666641,0.6266481876373291,40.4805914972274
2020-11-26T00:00:00.000Z,-0.24089403450489044,0.6538461446762085,0.22947373275712615,0.12727596128260407,1558,476,0.24113968014717102,0.0575762502849102,0.37683090567588806,100